{
  "name": "PGG-Sharonring-JavaScript-Chinese",
  "version": "1.0",
  "author": "黑小白",
  "display-name": "PGG 糖糖 JavaScript[Chinese]",
  "description": "全新台词，56条语音，由Potato Game Group的糖糖配音的JavaScript语音包",
  "avatar": "avatar.png",
  "avatar-dark": "avatar-dark.png",
  "languages": [
    "javascript"
  ],
  "locale": "zh",
  "gender": "female",
  "contributes": [
    {
      "keywords": [
        "function"
      ],
      "voices": [
        "def_1.mp3",
        "def_2.mp3",
        "def_3.mp3"
      ],
	  "texts":[
		  "我觉得你会写一个很棒的函数！",
		  "这个函数的命名用我的名字怎么样呀？",
		  "函数的命名想好了吗？"
	  ]
    },
    {
      "keywords": [
        "=>"
      ],
      "voices": [
        "arrow_function_1.mp3",
        "arrow_function_2.mp3",
        "arrow_function_3.mp3"
      ],
	  "texts":[
		  "箭头函数 我的this指向你",
		  "每天都要像这箭头一样，往前冲哦",
		  "小小箭头却有大能量"
	  ]
    },
    {
      "keywords": [
        "if(",
        "if ("
      ],
      "voices": [
        "if_1.mp3",
        "if_2.mp3"
      ],
	  "texts":[
		  "如果看到卖西瓜的，就买一个~",
		  "人生没有那么多如果，有什么比编程更容易呢？"
	  ]
    },
    {
      "keywords": [
        "else{",
        "else {"
      ],
      "voices": [
        "else_1.mp3",
        "else_2.mp3"
      ],
	  "texts":[
		  "如果此路不通，那就绕路吧",
		  "现在开始实行B计划"
	  ]
    },
    {
      "keywords": [
        "for(",
        "for (",
        "while(",
        "while ("
      ],
      "voices": [
        "for_1.mp3",
        "for_2.mp3",
        "for_3.mp3"
      ],
	  "texts":[
		  "朴素生活日复一日，这就是人生啊",
		  "遇事不顺先静下心来，不要陷入死胡同哦",
		  "这段循环是为我而写的吗"
	  ]
    },
    {
      "keywords": [
        "break"
      ],
      "voices": [
        "break_1.mp3",
        "break_2.mp3"
      ],
	  "texts":[
		  "结束掉这个循环吧！",
		  "结束这个不断循环的世界"
	  ]
    },
    {
      "keywords": [
        "continue"
      ],
      "voices": [
        "continue_1.mp3",
        "continue_2.mp3"
      ],
	  "texts":[
		  "人生总会迷茫，但生活还要继续啊",
		  "这个世界已经没救了，进入下一个吧"
	  ]
    },
    {
      "keywords": [
        "import ",
        "include "
      ],
      "voices": [
        "import_1.mp3",
        "import_2.mp3"
      ],
	  "texts":[
		  "把我的才华也给导入了吧！",
		  "是要导入我的可爱吗？"
	  ]
    },
    {
      "keywords": [
        "watch"
      ],
      "voices": [
        "watch_1.mp3",
        "watch_2.mp3"
      ],
	  "texts":[
		  "让我们来做麦田的守护者吧",
		  "让我康康！"
	  ]
    },
    {
      "keywords": [
        "v-model"
      ],
      "voices": [
        "v-model_1.mp3"
      ],
	  "texts":[
		  "台上的风光少不了台下的努力哦"
	  ]
    },
    {
      "keywords": [
        "console.log",
        "console.error"
      ],
      "voices": [
        "console_1.mp3",
        "console_2.mp3",
        "console_3.mp3",
        "console_4.mp3"
      ],
	  "texts":[
		  "修正程序错误的第一步是要重现这个错误",
		  "是不是遇到麻烦了？",
		  "别着急，冷静下，困难一定能解决的",
		  "让我们瞧瞧这里发生了什么"
	  ]
    },
    {
      "keywords": [
        "setTimeout"
      ],
      "voices": [
        "setTimeout_1.mp3",
        "setTimeout_2.mp3"
      ],
	  "texts":[
		  "滴-答-滴-答-",
		  "滴答-滴答-"
	  ]
    },
    {
      "keywords": [
        "setInterval"
      ],
      "voices": [
        "setInterval_1.mp3",
        "setInterval_2.mp3"
      ],
	  "texts":[
		  "啊，要一直工作吗？浏览器辛苦了",
		  "浏览器辛苦了，屏幕前的你也辛苦了"
	  ]
    },
    {
      "keywords": [
        "new "
      ],
      "voices": [
        "new_1.mp3"
      ],
	  "texts":[
		  "谁说你没对象的，诺，这不是新建一个了吗"
	  ]
    },
    {
      "keywords": [
        "try{",
        "try {"
      ],
      "voices": [
        "try_1.mp3"
      ],
	  "texts":[
		  "及时关注可能会发生的错误"
	  ]
    },
    {
      "keywords": [
        "catch"
      ],
      "voices": [
        "except_1.mp3",
        "except_2.mp3"
      ],
	  "texts":[
		   "现在开始执行B计划",
		  "与其关心程序的异常，不如多关注下身边的女孩子吧"
	  ]
    },
    {
      "keywords": [
        "finally"
      ],
      "voices": [
        "finally_1.mp3"
      ],
	  "texts":[
		  "无论最终如何，一定会执行的"
	  ]
    },
    {
      "keywords": [
        "true"
      ],
      "voices": [
        "true_1.mp3"
      ],
	  "texts":[
		  "真又如何"
	  ]
    },
    {
      "keywords": [
        "false"
      ],
      "voices": [
        "false_1.mp3"
      ],
	  "texts":[
		  "假又如何"
	  ]
    },
    {
      "keywords": [
        "return"
      ],
      "voices": [
        "return_1.mp3"
      ],
	  "texts":[
		  "返回什么东西好呢？"
	  ]
    },
    {
      "keywords": [
        "ture"
      ],
      "voices": [
        "ture_1.mp3"
      ],
	  "texts":[
		  "是True啦笨蛋~"
	  ]
    },
    {
      "keywords": [
        "flase"
      ],
      "voices": [
        "flase_1.mp3"
      ],
	  "texts":[
		  "是False啦笨蛋~"
	  ]
    },
    {
      "keywords": [
        "$time_morning"
      ],
      "voices": [
        "time_morning_1.mp3",
        "time_morning_2.mp3"
      ],
	  "texts":[
		  "早上好呀！",
		  "吃早饭了吗？一定要按时吃饭啊"
	  ]
    },
    {
      "keywords": [
        "$time_before_noon"
      ],
      "voices": [
        "time_before_noon_1.mp3",
        "time_before_noon_2.mp3",
        "time_before_noon_3.mp3"
      ],
	  "texts":[
		  "中午咯，你吃午饭了嘛？",
		   "要按时吃午饭哦。",
		   "中午要吃什么呢？"
	  ]
    },
    {
      "keywords": [
        "$time_noon"
      ],
      "voices": [
        "time_noon_1.mp3"
      ],
	  "texts":[
		  "要午休下午才能有精神呀。"
	  ]
    },
    {
      "keywords": [
        "$time_evening"
      ],
      "voices": [
        "time_evening_1.mp3"
      ],
	  "texts":[
		  "该准备吃晚饭了吧？"
	  ]
    },
    {
      "keywords": [
        "$time_midnight"
      ],
      "voices": [
        "time_midnight_1.mp3",
        "time_midnight_2.mp3",
        "time_midnight_3.mp3",
        "time_midnight_4.mp3"
      ],
	  "texts":[
		  "愿梦里没有bug",
		   "很晚了哦，要早点休息！",
		   "写个TODO，明天再继续写吧~",
		   "早睡早起身体好"
	  ]
    },
    {
      "keywords": [
        "$time_each_hour"
      ],
      "voices": [
        "time_each_hour_1.mp3",
        "time_each_hour_2.mp3",
        "time_each_hour_3.mp3",
        "time_each_hour_4.mp3",
        "time_each_hour_5.mp3"
      ],
	  "texts":[
		  "喝点水吧？",
		   "你累不累呀？要不休息一下吧",
		   "不要一直坐着，起来运动运动吧！",
		   "你认真写代码的样子，很帅",
		   "我看到了！你刚刚在摸鱼!"
	  ]
    }
  ]
}