{
    "contributes": [
        {
            "keywords": ["function", "=>", "func ", "def "],
            "voices":[
                "function_01.mp3",
                "function_02.mp3",
                "function_03.mp3"
            ],
			"texts":[
				"哇哦，你的回调函数写的好棒棒呀！",
				"这个函数的命名用我的名字怎么样呀？",
				"再厉害的函数，也执行不出我对你的喜欢！"
			]
        },
        {
            "keywords": ["=>"],
            "voices": ["arrow_function_01.mp3"],
			"texts":[
				"你写箭头函数的样子好帅呀！"
			]
        },
        {
            "keywords": ["if"],
            "voices": [
                "if_01.mp3",
                "if_02.mp3",
                "if_03.mp3"
            ],
			"texts":[
				"你就是因为想太多如果，所以才交不到女朋友吧？",
				"人生没有那么多如果，有没有比编程更容易呢？",
				"别试了，我的可爱不需要用 if 来判断！"
			]
        },
        {
            "keywords": ["for", "while"],
            "voices": [
                "for_01.mp3",
                "for_02.mp3",
                "for_03.mp3"
            ],
			"texts":[
				"这段循环是为我写的吗？",
				"你是在遍历你的鱼塘吗？",
				"你就算运行 1 天也遍历不完我的可爱！"
			]
        },
        {
            "keywords": ["await"],
            "voices": [
                "await_01.mp3",
                "await_02.mp3",
                "await_03.mp3"
            ],
			"texts":[
				"你在等什么？是不是在等我！",
				"别忘了给函数体加 async 哦。",
				"别等啦！如果你有喜欢的女孩子，就要赶快表白。"
			]
        },
        {
            "keywords": ["catch", "except", "err != nil", "err!=nil"],
            "voices": [
                "catch_01.mp3",
                "catch_02.mp3",
                "catch_03.mp3"
            ],
			"texts":[
				"嘻嘻，捕捉了这么多异常，却捉不到一个女朋友。",
				"别太关注程序的异常，多关注下身边的女孩子吧！",
				"听说，异步代码捕捉不到异常哦！"
			]
        },
        {
            "keywords": ["import", "include"],
            "voices": [
                "import_01.mp3",
                "import_02.mp3"
            ],
			"texts":[
				"我的可爱已成功导入！",
				"我的美貌已成功导入！"
			]
        },
        {
            "keywords": ["v-html"],
            "voices": [
                "v_html_01.mp3"
            ],
			"texts":[
				"记得校验内容，预防 XSS 攻击哦。"
			]
        },
        {
            "keywords": ["fuck", "shit"],
            "voices": [
                "fuck_pm_01.mp3",
                "fuck_pm_02.mp3"
            ],
			"texts":[
				"怎么了？是不是产品需求又改了？",
				"我们一起揍产品经理一顿吧！"
			]
        },
        {
            "keywords": ["$time_morning"],
            "voices": ["time_morning_01.mp3"],
			"texts":[
				"早上好呀!"
			]
        },
        {
            "keywords": ["$time_before_noon"],
            "voices": [
                "time_before_noon_01.mp3",
                "time_before_noon_02.mp3",
                "time_before_noon_03.mp3",
                "time_before_noon_04.mp3"
            ],
			"texts":[
				"中午咯，你吃午饭了嘛？",
				"要按时吃午饭哦。",
				"中午要吃什么呢？",
				"小哥哥，中午帮我订麻辣烫吧。"
			]
        },
        {
            "keywords": ["$time_noon"],
            "voices": ["time_noon_01.mp3"],
			"texts":[
				"要午休下午才能有精神呀。"
			]
        },
        {
            "keywords": ["$time_evening"],
            "voices": ["time_evening_01.mp3"],
			"texts":[
				"你怎么还没下班呀？"
			]
        },
        {
            "keywords": ["$time_midnight"],
            "voices": ["time_midnight_01.mp3"],
			"texts":[
				"很晚了哦，要早点休息！"
			]
        },
        {
            "keywords": ["$time_each_hour"],
            "voices": [
                "time_each_hour_01.mp3",
                "time_each_hour_02.mp3",
                "time_each_hour_03.mp3",
                "time_each_hour_04.mp3",
                "time_each_hour_05.mp3"
            ],
			"texts":[
				"小哥哥你累不累呀？",
				"写了好久了，起来休息一下吧。",
				"写这么多代码，还不如给女孩子写情书！",
				"你这么喜欢写代码，一定没有女朋友吧！",
				"如果你用了别的小姐姐的语音包，我就掐死你哦！"
			]
        }
    ]
}
